Year,State,Fishery,Assessment,Landings
1916,CA,Trawl,2013,0
1917,CA,Trawl,2013,0
1918,CA,Trawl,2013,0
1919,CA,Trawl,2013,0
1920,CA,Trawl,2013,0
1921,CA,Trawl,2013,0
1922,CA,Trawl,2013,0
1923,CA,Trawl,2013,0
1924,CA,Trawl,2013,0
1925,CA,Trawl,2013,0
1926,CA,Trawl,2013,0
1927,CA,Trawl,2013,0
1928,CA,Trawl,2013,0
1929,CA,Trawl,2013,0
1930,CA,Trawl,2013,0
1931,CA,Trawl,2013,0
1932,CA,Trawl,2013,0
1933,CA,Trawl,2013,0
1934,CA,Trawl,2013,0
1935,CA,Trawl,2013,0
1936,CA,Trawl,2013,0
1937,CA,Trawl,2013,0
1938,CA,Trawl,2013,0
1939,CA,Trawl,2013,0
1940,CA,Trawl,2013,0
1941,CA,Trawl,2013,0
1942,CA,Trawl,2013,0
1943,CA,Trawl,2013,0
1944,CA,Trawl,2013,0
1945,CA,Trawl,2013,0
1946,CA,Trawl,2013,0
1947,CA,Trawl,2013,0
1948,CA,Trawl,2013,0
1949,CA,Trawl,2013,0
1950,CA,Trawl,2013,0
1951,CA,Trawl,2013,0
1952,CA,Trawl,2013,0
1953,CA,Trawl,2013,0
1954,CA,Trawl,2013,0
1955,CA,Trawl,2013,0
1956,CA,Trawl,2013,0
1957,CA,Trawl,2013,0
1958,CA,Trawl,2013,0
1959,CA,Trawl,2013,0
1960,CA,Trawl,2013,0
1961,CA,Trawl,2013,0
1962,CA,Trawl,2013,0
1963,CA,Trawl,2013,0
1964,CA,Trawl,2013,0
1965,CA,Trawl,2013,0
1966,CA,Trawl,2013,0
1967,CA,Trawl,2013,0
1968,CA,Trawl,2013,0
1969,CA,Trawl,2013,0
1970,CA,Trawl,2013,0
1971,CA,Trawl,2013,0
1972,CA,Trawl,2013,0
1973,CA,Trawl,2013,0
1974,CA,Trawl,2013,0
1975,CA,Trawl,2013,0
1976,CA,Trawl,2013,0
1977,CA,Trawl,2013,0
1978,CA,Trawl,2013,0
1979,CA,Trawl,2013,0
1980,CA,Trawl,2013,0
1981,CA,Trawl,2013,0
1982,CA,Trawl,2013,0
1983,CA,Trawl,2013,0
1984,CA,Trawl,2013,0
1985,CA,Trawl,2013,0.05
1986,CA,Trawl,2013,0.11
1987,CA,Trawl,2013,1
1988,CA,Trawl,2013,0
1989,CA,Trawl,2013,0.49
1990,CA,Trawl,2013,2.41
1991,CA,Trawl,2013,1.27
1992,CA,Trawl,2013,1.74
1993,CA,Trawl,2013,0
1994,CA,Trawl,2013,6.55
1995,CA,Trawl,2013,4.98
1996,CA,Trawl,2013,1.89
1997,CA,Trawl,2013,0.21
1998,CA,Trawl,2013,1.8
1999,CA,Trawl,2013,0.99
2000,CA,Trawl,2013,2.36
2001,CA,Trawl,2013,0.37
2002,CA,Trawl,2013,0.4
2003,CA,Trawl,2013,0.69
2004,CA,Trawl,2013,0.08
2005,CA,Trawl,2013,0.05
2006,CA,Trawl,2013,0.07
2007,CA,Trawl,2013,0.56
2008,CA,Trawl,2013,0.39
2009,CA,Trawl,2013,0.3
2010,CA,Trawl,2013,0.17
2011,CA,Trawl,2013,0.19
2012,CA,Trawl,2013,0
1916,CA,Trawl,2025,0
1917,CA,Trawl,2025,0
1918,CA,Trawl,2025,0
1919,CA,Trawl,2025,0
1920,CA,Trawl,2025,0
1921,CA,Trawl,2025,0
1922,CA,Trawl,2025,0
1923,CA,Trawl,2025,0
1924,CA,Trawl,2025,0
1925,CA,Trawl,2025,0
1926,CA,Trawl,2025,0
1927,CA,Trawl,2025,0
1928,CA,Trawl,2025,0
1929,CA,Trawl,2025,0
1930,CA,Trawl,2025,0
1931,CA,Trawl,2025,0
1932,CA,Trawl,2025,0
1933,CA,Trawl,2025,0
1934,CA,Trawl,2025,0
1935,CA,Trawl,2025,0
1936,CA,Trawl,2025,0
1937,CA,Trawl,2025,0
1938,CA,Trawl,2025,0
1939,CA,Trawl,2025,0
1940,CA,Trawl,2025,0
1941,CA,Trawl,2025,0
1942,CA,Trawl,2025,0
1943,CA,Trawl,2025,0
1944,CA,Trawl,2025,0
1945,CA,Trawl,2025,0
1946,CA,Trawl,2025,0
1947,CA,Trawl,2025,0
1948,CA,Trawl,2025,0
1949,CA,Trawl,2025,0
1950,CA,Trawl,2025,0
1951,CA,Trawl,2025,0
1952,CA,Trawl,2025,0
1953,CA,Trawl,2025,0
1954,CA,Trawl,2025,0
1955,CA,Trawl,2025,0
1956,CA,Trawl,2025,0
1957,CA,Trawl,2025,0
1958,CA,Trawl,2025,0
1959,CA,Trawl,2025,0
1960,CA,Trawl,2025,0
1961,CA,Trawl,2025,0
1962,CA,Trawl,2025,0
1963,CA,Trawl,2025,0
1964,CA,Trawl,2025,0
1965,CA,Trawl,2025,0
1966,CA,Trawl,2025,0
1967,CA,Trawl,2025,0
1968,CA,Trawl,2025,0
1969,CA,Trawl,2025,0
1970,CA,Trawl,2025,0
1971,CA,Trawl,2025,0
1972,CA,Trawl,2025,0
1973,CA,Trawl,2025,0
1974,CA,Trawl,2025,0
1975,CA,Trawl,2025,0
1976,CA,Trawl,2025,0
1977,CA,Trawl,2025,0
1978,CA,Trawl,2025,0
1979,CA,Trawl,2025,0
1980,CA,Trawl,2025,0
1981,CA,Trawl,2025,0
1982,CA,Trawl,2025,0
1983,CA,Trawl,2025,0
1984,CA,Trawl,2025,0
1985,CA,Trawl,2025,0.043090912
1986,CA,Trawl,2025,0.110524993
1987,CA,Trawl,2025,0.959444977
1988,CA,Trawl,2025,0
1989,CA,Trawl,2025,0.495276012
1990,CA,Trawl,2025,2.424337459
1991,CA,Trawl,2025,1.2439265
1992,CA,Trawl,2025,1.739429445
1993,CA,Trawl,2025,0
1994,CA,Trawl,2025,6.514298125
1995,CA,Trawl,2025,4.760898443
1996,CA,Trawl,2025,1.805196891
1997,CA,Trawl,2025,0.210234711
1998,CA,Trawl,2025,0.792537455
1999,CA,Trawl,2025,0
2000,CA,Trawl,2025,2.350021361
2001,CA,Trawl,2025,0.371736502
2002,CA,Trawl,2025,0.401714648
2003,CA,Trawl,2025,0.713354322
2004,CA,Trawl,2025,0.07735528
2005,CA,Trawl,2025,0.046336502
2006,CA,Trawl,2025,0.075242991
2007,CA,Trawl,2025,0.563182011
2008,CA,Trawl,2025,0.395148445
2009,CA,Trawl,2025,0.29621886
2010,CA,Trawl,2025,0.165953845
2011,CA,Trawl,2025,0.203809167
2012,CA,Trawl,2025,0.496604453
2013,CA,Trawl,2025,0.958384796
2014,CA,Trawl,2025,0.319652576
2015,CA,Trawl,2025,0.297761846
2016,CA,Trawl,2025,0.164119744
2017,CA,Trawl,2025,0.26085317
2018,CA,Trawl,2025,0.570280641
2019,CA,Trawl,2025,0.616172939
2020,CA,Trawl,2025,0.096125295
2021,CA,Trawl,2025,0.379199049
2022,CA,Trawl,2025,0.269471063
2023,CA,Trawl,2025,0.049895161
2024,CA,Trawl,2025,0.140160042
1916,OR,Trawl,2013,0
1917,OR,Trawl,2013,0
1918,OR,Trawl,2013,0
1919,OR,Trawl,2013,0
1920,OR,Trawl,2013,0
1921,OR,Trawl,2013,0
1922,OR,Trawl,2013,0
1923,OR,Trawl,2013,0
1924,OR,Trawl,2013,0
1925,OR,Trawl,2013,0
1926,OR,Trawl,2013,0
1927,OR,Trawl,2013,0
1928,OR,Trawl,2013,0
1929,OR,Trawl,2013,0
1930,OR,Trawl,2013,0
1931,OR,Trawl,2013,0
1932,OR,Trawl,2013,0
1933,OR,Trawl,2013,0
1934,OR,Trawl,2013,0
1935,OR,Trawl,2013,0
1936,OR,Trawl,2013,0.01
1937,OR,Trawl,2013,0.02
1938,OR,Trawl,2013,0
1939,OR,Trawl,2013,0.02
1940,OR,Trawl,2013,0.5
1941,OR,Trawl,2013,0.77
1942,OR,Trawl,2013,1.44
1943,OR,Trawl,2013,5.02
1944,OR,Trawl,2013,8.8
1945,OR,Trawl,2013,13.67
1946,OR,Trawl,2013,8.43
1947,OR,Trawl,2013,5.23
1948,OR,Trawl,2013,3.47
1949,OR,Trawl,2013,3.24
1950,OR,Trawl,2013,3.8
1951,OR,Trawl,2013,3.53
1952,OR,Trawl,2013,4.66
1953,OR,Trawl,2013,3.4
1954,OR,Trawl,2013,4.47
1955,OR,Trawl,2013,4.18
1956,OR,Trawl,2013,5.93
1957,OR,Trawl,2013,7.16
1958,OR,Trawl,2013,5.57
1959,OR,Trawl,2013,5.37
1960,OR,Trawl,2013,6.96
1961,OR,Trawl,2013,7.06
1962,OR,Trawl,2013,8.42
1963,OR,Trawl,2013,5.79
1964,OR,Trawl,2013,5.39
1965,OR,Trawl,2013,16.6
1966,OR,Trawl,2013,7.19
1967,OR,Trawl,2013,6.37
1968,OR,Trawl,2013,4.16
1969,OR,Trawl,2013,8.35
1970,OR,Trawl,2013,0.12
1971,OR,Trawl,2013,10.55
1972,OR,Trawl,2013,5.03
1973,OR,Trawl,2013,2.02
1974,OR,Trawl,2013,1.31
1975,OR,Trawl,2013,3.11
1976,OR,Trawl,2013,0
1977,OR,Trawl,2013,0
1978,OR,Trawl,2013,26.25
1979,OR,Trawl,2013,14.13
1980,OR,Trawl,2013,28.14
1981,OR,Trawl,2013,43.68
1982,OR,Trawl,2013,50.84
1983,OR,Trawl,2013,44.27
1984,OR,Trawl,2013,44.67
1985,OR,Trawl,2013,95.48
1986,OR,Trawl,2013,136.13
1987,OR,Trawl,2013,130.22
1988,OR,Trawl,2013,126.14
1989,OR,Trawl,2013,238.23
1990,OR,Trawl,2013,153.75
1991,OR,Trawl,2013,169.39
1992,OR,Trawl,2013,125.14
1993,OR,Trawl,2013,140.28
1994,OR,Trawl,2013,97.92
1995,OR,Trawl,2013,97.68
1996,OR,Trawl,2013,81.46
1997,OR,Trawl,2013,64.24
1998,OR,Trawl,2013,41.78
1999,OR,Trawl,2013,40.78
2000,OR,Trawl,2013,56.16
2001,OR,Trawl,2013,63.68
2002,OR,Trawl,2013,21.93
2003,OR,Trawl,2013,45.25
2004,OR,Trawl,2013,50.4
2005,OR,Trawl,2013,38.43
2006,OR,Trawl,2013,34.92
2007,OR,Trawl,2013,49.35
2008,OR,Trawl,2013,45.22
2009,OR,Trawl,2013,51.45
2010,OR,Trawl,2013,65.24
2011,OR,Trawl,2013,46.79
2012,OR,Trawl,2013,64.15
1916,OR,Trawl,2025,0
1917,OR,Trawl,2025,0
1918,OR,Trawl,2025,0
1919,OR,Trawl,2025,0
1920,OR,Trawl,2025,0
1921,OR,Trawl,2025,0
1922,OR,Trawl,2025,0
1923,OR,Trawl,2025,0
1924,OR,Trawl,2025,0
1925,OR,Trawl,2025,0
1926,OR,Trawl,2025,0
1927,OR,Trawl,2025,0
1928,OR,Trawl,2025,0
1929,OR,Trawl,2025,0
1930,OR,Trawl,2025,0
1931,OR,Trawl,2025,0
1932,OR,Trawl,2025,0.0044
1933,OR,Trawl,2025,0.0027
1934,OR,Trawl,2025,0.0001
1935,OR,Trawl,2025,0.0021
1936,OR,Trawl,2025,0.0078
1937,OR,Trawl,2025,0.0153
1938,OR,Trawl,2025,0
1939,OR,Trawl,2025,0.0217
1940,OR,Trawl,2025,0.4996
1941,OR,Trawl,2025,0.7692
1942,OR,Trawl,2025,1.4406
1943,OR,Trawl,2025,5.0168
1944,OR,Trawl,2025,8.8042
1945,OR,Trawl,2025,13.6696
1946,OR,Trawl,2025,8.4299
1947,OR,Trawl,2025,5.2291
1948,OR,Trawl,2025,3.467
1949,OR,Trawl,2025,3.2362
1950,OR,Trawl,2025,3.7959
1951,OR,Trawl,2025,3.5316
1952,OR,Trawl,2025,4.6591
1953,OR,Trawl,2025,3.4042
1954,OR,Trawl,2025,4.4736
1955,OR,Trawl,2025,4.182
1956,OR,Trawl,2025,5.9259
1957,OR,Trawl,2025,7.1579
1958,OR,Trawl,2025,5.5743
1959,OR,Trawl,2025,5.3701
1960,OR,Trawl,2025,6.9623
1961,OR,Trawl,2025,7.06
1962,OR,Trawl,2025,8.4177
1963,OR,Trawl,2025,5.792
1964,OR,Trawl,2025,5.5027
1965,OR,Trawl,2025,16.7603
1966,OR,Trawl,2025,7.3883
1967,OR,Trawl,2025,6.6631
1968,OR,Trawl,2025,4.4793
1969,OR,Trawl,2025,8.6727
1970,OR,Trawl,2025,0.4868
1971,OR,Trawl,2025,10.8684
1972,OR,Trawl,2025,5.6196
1973,OR,Trawl,2025,2.6336
1974,OR,Trawl,2025,1.9345
1975,OR,Trawl,2025,3.5489
1976,OR,Trawl,2025,0.4768
1977,OR,Trawl,2025,0.4293
1978,OR,Trawl,2025,27.6395
1979,OR,Trawl,2025,15.88
1980,OR,Trawl,2025,29.843
1981,OR,Trawl,2025,44.9783
1982,OR,Trawl,2025,51.9528
1983,OR,Trawl,2025,44.2713
1984,OR,Trawl,2025,44.9286
1985,OR,Trawl,2025,95.8038
1986,OR,Trawl,2025,136.7589
1987,OR,Trawl,2025,131.8115
1988,OR,Trawl,2025,143.655
1989,OR,Trawl,2025,240.1173
1990,OR,Trawl,2025,154.2554
1991,OR,Trawl,2025,213.0411
1992,OR,Trawl,2025,155.2334
1993,OR,Trawl,2025,163.5708
1994,OR,Trawl,2025,114.6172
1995,OR,Trawl,2025,112.9187
1996,OR,Trawl,2025,96.8763
1997,OR,Trawl,2025,70.6753
1998,OR,Trawl,2025,88.732
1999,OR,Trawl,2025,59.9007
2000,OR,Trawl,2025,57.3521
2001,OR,Trawl,2025,63.7401
2002,OR,Trawl,2025,21.9453
2003,OR,Trawl,2025,47.1625
2004,OR,Trawl,2025,50.5565
2005,OR,Trawl,2025,38.4493
2006,OR,Trawl,2025,34.9771
2007,OR,Trawl,2025,49.5354
2008,OR,Trawl,2025,45.2955
2009,OR,Trawl,2025,51.4524
2010,OR,Trawl,2025,65.2472
2011,OR,Trawl,2025,45.7493
2012,OR,Trawl,2025,74.1851
2013,OR,Trawl,2025,56.9467
2014,OR,Trawl,2025,28.4941
2015,OR,Trawl,2025,41.5162
2016,OR,Trawl,2025,39.2144
2017,OR,Trawl,2025,20.757
2018,OR,Trawl,2025,16.0131
2019,OR,Trawl,2025,25.1267
2020,OR,Trawl,2025,22.2638
2021,OR,Trawl,2025,19.601
2022,OR,Trawl,2025,17.4738
2023,OR,Trawl,2025,25.8828
2024,OR,Trawl,2025,48.33789234
1916,WA,Trawl,2013,0
1917,WA,Trawl,2013,0
1918,WA,Trawl,2013,0
1919,WA,Trawl,2013,0
1920,WA,Trawl,2013,0
1921,WA,Trawl,2013,0
1922,WA,Trawl,2013,0
1923,WA,Trawl,2013,0
1924,WA,Trawl,2013,0
1925,WA,Trawl,2013,0
1926,WA,Trawl,2013,0
1927,WA,Trawl,2013,0
1928,WA,Trawl,2013,0
1929,WA,Trawl,2013,0
1930,WA,Trawl,2013,0
1931,WA,Trawl,2013,0
1932,WA,Trawl,2013,0
1933,WA,Trawl,2013,0
1934,WA,Trawl,2013,0.01
1935,WA,Trawl,2013,0.29
1936,WA,Trawl,2013,0.48
1937,WA,Trawl,2013,0.4
1938,WA,Trawl,2013,0.46
1939,WA,Trawl,2013,0.43
1940,WA,Trawl,2013,0.42
1941,WA,Trawl,2013,0.62
1942,WA,Trawl,2013,0.86
1943,WA,Trawl,2013,2.37
1944,WA,Trawl,2013,3.35
1945,WA,Trawl,2013,6.62
1946,WA,Trawl,2013,2.4
1947,WA,Trawl,2013,1.25
1948,WA,Trawl,2013,2.04
1949,WA,Trawl,2013,2.38
1950,WA,Trawl,2013,2.28
1951,WA,Trawl,2013,1.87
1952,WA,Trawl,2013,2.24
1953,WA,Trawl,2013,1.94
1954,WA,Trawl,2013,3.97
1955,WA,Trawl,2013,3.43
1956,WA,Trawl,2013,3.29
1957,WA,Trawl,2013,4.46
1958,WA,Trawl,2013,5.02
1959,WA,Trawl,2013,2.74
1960,WA,Trawl,2013,4.85
1961,WA,Trawl,2013,6.14
1962,WA,Trawl,2013,5.81
1963,WA,Trawl,2013,4.74
1964,WA,Trawl,2013,5.93
1965,WA,Trawl,2013,2.18
1966,WA,Trawl,2013,15.38
1967,WA,Trawl,2013,7.02
1968,WA,Trawl,2013,23.72
1969,WA,Trawl,2013,1.1
1970,WA,Trawl,2013,0.1
1971,WA,Trawl,2013,3.2
1972,WA,Trawl,2013,0
1973,WA,Trawl,2013,2.8
1974,WA,Trawl,2013,0
1975,WA,Trawl,2013,2
1976,WA,Trawl,2013,6.6
1977,WA,Trawl,2013,0.3
1978,WA,Trawl,2013,5.7
1979,WA,Trawl,2013,96.6
1980,WA,Trawl,2013,28.3
1981,WA,Trawl,2013,15.87
1982,WA,Trawl,2013,42.49
1983,WA,Trawl,2013,10.27
1984,WA,Trawl,2013,28.49
1985,WA,Trawl,2013,40.93
1986,WA,Trawl,2013,16.32
1987,WA,Trawl,2013,64.92
1988,WA,Trawl,2013,24.87
1989,WA,Trawl,2013,44.2
1990,WA,Trawl,2013,10.17
1991,WA,Trawl,2013,18.67
1992,WA,Trawl,2013,26.8
1993,WA,Trawl,2013,2.46
1994,WA,Trawl,2013,5.32
1995,WA,Trawl,2013,42.85
1996,WA,Trawl,2013,24.8
1997,WA,Trawl,2013,33.54
1998,WA,Trawl,2013,17.29
1999,WA,Trawl,2013,18.69
2000,WA,Trawl,2013,23.46
2001,WA,Trawl,2013,11.53
2002,WA,Trawl,2013,8.57
2003,WA,Trawl,2013,9.96
2004,WA,Trawl,2013,8.6
2005,WA,Trawl,2013,7.15
2006,WA,Trawl,2013,12.72
2007,WA,Trawl,2013,12.42
2008,WA,Trawl,2013,9.37
2009,WA,Trawl,2013,17.16
2010,WA,Trawl,2013,18.35
2011,WA,Trawl,2013,10.32
2012,WA,Trawl,2013,15.66
1916,WA,Trawl,2025,0
1917,WA,Trawl,2025,0
1918,WA,Trawl,2025,0
1919,WA,Trawl,2025,0
1920,WA,Trawl,2025,0
1921,WA,Trawl,2025,0
1922,WA,Trawl,2025,0
1923,WA,Trawl,2025,0
1924,WA,Trawl,2025,0
1925,WA,Trawl,2025,0
1926,WA,Trawl,2025,0
1927,WA,Trawl,2025,0
1928,WA,Trawl,2025,0
1929,WA,Trawl,2025,0
1930,WA,Trawl,2025,0
1931,WA,Trawl,2025,0
1932,WA,Trawl,2025,0
1933,WA,Trawl,2025,0
1934,WA,Trawl,2025,0.01
1935,WA,Trawl,2025,0.29
1936,WA,Trawl,2025,0.48
1937,WA,Trawl,2025,0.4
1938,WA,Trawl,2025,0.46
1939,WA,Trawl,2025,0.43
1940,WA,Trawl,2025,0.42
1941,WA,Trawl,2025,0.62
1942,WA,Trawl,2025,0.86
1943,WA,Trawl,2025,2.37
1944,WA,Trawl,2025,3.35
1945,WA,Trawl,2025,6.62
1946,WA,Trawl,2025,2.4
1947,WA,Trawl,2025,1.25
1948,WA,Trawl,2025,2.04
1949,WA,Trawl,2025,2.38
1950,WA,Trawl,2025,2.28
1951,WA,Trawl,2025,1.87
1952,WA,Trawl,2025,2.24
1953,WA,Trawl,2025,1.94
1954,WA,Trawl,2025,3.97
1955,WA,Trawl,2025,3.43
1956,WA,Trawl,2025,3.29
1957,WA,Trawl,2025,4.46
1958,WA,Trawl,2025,5.02
1959,WA,Trawl,2025,2.74
1960,WA,Trawl,2025,4.85
1961,WA,Trawl,2025,6.14
1962,WA,Trawl,2025,5.81
1963,WA,Trawl,2025,4.74
1964,WA,Trawl,2025,5.93
1965,WA,Trawl,2025,2.18
1966,WA,Trawl,2025,15.38
1967,WA,Trawl,2025,7.02
1968,WA,Trawl,2025,23.72
1969,WA,Trawl,2025,1.1
1970,WA,Trawl,2025,0.1
1971,WA,Trawl,2025,3.2
1972,WA,Trawl,2025,0
1973,WA,Trawl,2025,2.8
1974,WA,Trawl,2025,0
1975,WA,Trawl,2025,2
1976,WA,Trawl,2025,6.6
1977,WA,Trawl,2025,0.3
1978,WA,Trawl,2025,5.7
1979,WA,Trawl,2025,96.6
1980,WA,Trawl,2025,28.3
1981,WA,Trawl,2025,15.87145089
1982,WA,Trawl,2025,42.49285268
1983,WA,Trawl,2025,10.26701639
1984,WA,Trawl,2025,28.48726839
1985,WA,Trawl,2025,40.93095683
1986,WA,Trawl,2025,16.32213103
1987,WA,Trawl,2025,64.91924932
1988,WA,Trawl,2025,24.8703564
1989,WA,Trawl,2025,44.20366708
1990,WA,Trawl,2025,10.17273095
1991,WA,Trawl,2025,18.67211187
1992,WA,Trawl,2025,26.79435183
1993,WA,Trawl,2025,2.457626149
1994,WA,Trawl,2025,5.316287461
1995,WA,Trawl,2025,42.85401961
1996,WA,Trawl,2025,24.79427533
1997,WA,Trawl,2025,33.53951496
1998,WA,Trawl,2025,17.22231545
1999,WA,Trawl,2025,18.69142327
2000,WA,Trawl,2025,23.42181883
2001,WA,Trawl,2025,11.52963263
2002,WA,Trawl,2025,8.566995743
2003,WA,Trawl,2025,9.957924681
2004,WA,Trawl,2025,8.598449017
2005,WA,Trawl,2025,7.144736408
2006,WA,Trawl,2025,12.7182699
2007,WA,Trawl,2025,12.17215175
2008,WA,Trawl,2025,9.471462629
2009,WA,Trawl,2025,16.73350317
2010,WA,Trawl,2025,18.73945511
2011,WA,Trawl,2025,11.17231268
2012,WA,Trawl,2025,21.4690526
2013,WA,Trawl,2025,8.560995432
2014,WA,Trawl,2025,8.891580184
2015,WA,Trawl,2025,8.12031993
2016,WA,Trawl,2025,6.935945799
2017,WA,Trawl,2025,3.393193253
2018,WA,Trawl,2025,2.478480013
2019,WA,Trawl,2025,5.564728897
2020,WA,Trawl,2025,16.41832923
2021,WA,Trawl,2025,11.74024868
2022,WA,Trawl,2025,12.42095672
2023,WA,Trawl,2025,13.57654894
2024,WA,Trawl,2025,18.99611272
1916,All,Trawl,2013,0
1917,All,Trawl,2013,0
1918,All,Trawl,2013,0
1919,All,Trawl,2013,0
1920,All,Trawl,2013,0
1921,All,Trawl,2013,0
1922,All,Trawl,2013,0
1923,All,Trawl,2013,0
1924,All,Trawl,2013,0
1925,All,Trawl,2013,0
1926,All,Trawl,2013,0
1927,All,Trawl,2013,0
1928,All,Trawl,2013,0
1929,All,Trawl,2013,0
1930,All,Trawl,2013,0
1931,All,Trawl,2013,0
1932,All,Trawl,2013,0.01
1933,All,Trawl,2013,0.01
1934,All,Trawl,2013,0.01
1935,All,Trawl,2013,0.29
1936,All,Trawl,2013,0.49
1937,All,Trawl,2013,0.41
1938,All,Trawl,2013,0.46
1939,All,Trawl,2013,0.45
1940,All,Trawl,2013,0.92
1941,All,Trawl,2013,1.39
1942,All,Trawl,2013,2.31
1943,All,Trawl,2013,7.39
1944,All,Trawl,2013,12.16
1945,All,Trawl,2013,20.29
1946,All,Trawl,2013,10.83
1947,All,Trawl,2013,6.48
1948,All,Trawl,2013,5.5
1949,All,Trawl,2013,5.62
1950,All,Trawl,2013,6.08
1951,All,Trawl,2013,5.4
1952,All,Trawl,2013,6.9
1953,All,Trawl,2013,5.35
1954,All,Trawl,2013,8.44
1955,All,Trawl,2013,7.62
1956,All,Trawl,2013,9.22
1957,All,Trawl,2013,11.62
1958,All,Trawl,2013,10.6
1959,All,Trawl,2013,8.11
1960,All,Trawl,2013,11.81
1961,All,Trawl,2013,13.2
1962,All,Trawl,2013,14.23
1963,All,Trawl,2013,10.53
1964,All,Trawl,2013,11.32
1965,All,Trawl,2013,18.78
1966,All,Trawl,2013,120.56
1967,All,Trawl,2013,98.39
1968,All,Trawl,2013,74.88
1969,All,Trawl,2013,24.45
1970,All,Trawl,2013,17.22
1971,All,Trawl,2013,62.75
1972,All,Trawl,2013,73.03
1973,All,Trawl,2013,67.82
1974,All,Trawl,2013,46.31
1975,All,Trawl,2013,32.11
1976,All,Trawl,2013,18.6
1977,All,Trawl,2013,0.3
1978,All,Trawl,2013,31.95
1979,All,Trawl,2013,110.73
1980,All,Trawl,2013,56.44
1981,All,Trawl,2013,59.55
1982,All,Trawl,2013,93.33
1983,All,Trawl,2013,54.53
1984,All,Trawl,2013,73.15
1985,All,Trawl,2013,136.46
1986,All,Trawl,2013,152.56
1987,All,Trawl,2013,196.14
1988,All,Trawl,2013,151.01
1989,All,Trawl,2013,282.93
1990,All,Trawl,2013,166.33
1991,All,Trawl,2013,189.34
1992,All,Trawl,2013,153.68
1993,All,Trawl,2013,142.74
1994,All,Trawl,2013,109.79
1995,All,Trawl,2013,145.52
1996,All,Trawl,2013,108.15
1997,All,Trawl,2013,98
1998,All,Trawl,2013,60.87
1999,All,Trawl,2013,60.46
2000,All,Trawl,2013,81.98
2001,All,Trawl,2013,75.59
2002,All,Trawl,2013,30.9
2003,All,Trawl,2013,55.89
2004,All,Trawl,2013,59.07
2005,All,Trawl,2013,45.63
2006,All,Trawl,2013,47.72
2007,All,Trawl,2013,62.33
2008,All,Trawl,2013,54.98
2009,All,Trawl,2013,68.9
2010,All,Trawl,2013,83.76
2011,All,Trawl,2013,57.3
2012,All,Trawl,2013,79.81
1916,All,Trawl,2025,0
1917,All,Trawl,2025,0
1918,All,Trawl,2025,0
1919,All,Trawl,2025,0
1920,All,Trawl,2025,0
1921,All,Trawl,2025,0
1922,All,Trawl,2025,0
1923,All,Trawl,2025,0
1924,All,Trawl,2025,0
1925,All,Trawl,2025,0
1926,All,Trawl,2025,0
1927,All,Trawl,2025,0
1928,All,Trawl,2025,0
1929,All,Trawl,2025,0
1930,All,Trawl,2025,0
1931,All,Trawl,2025,0
1932,All,Trawl,2025,0.0044
1933,All,Trawl,2025,0.0027
1934,All,Trawl,2025,0.0101
1935,All,Trawl,2025,0.2921
1936,All,Trawl,2025,0.4878
1937,All,Trawl,2025,0.4153
1938,All,Trawl,2025,0.46
1939,All,Trawl,2025,0.4517
1940,All,Trawl,2025,0.9196
1941,All,Trawl,2025,1.3892
1942,All,Trawl,2025,2.3006
1943,All,Trawl,2025,7.3868
1944,All,Trawl,2025,12.1542
1945,All,Trawl,2025,20.2896
1946,All,Trawl,2025,10.8299
1947,All,Trawl,2025,6.4791
1948,All,Trawl,2025,5.507
1949,All,Trawl,2025,5.6162
1950,All,Trawl,2025,6.0759
1951,All,Trawl,2025,5.4016
1952,All,Trawl,2025,6.8991
1953,All,Trawl,2025,5.3442
1954,All,Trawl,2025,8.4436
1955,All,Trawl,2025,7.612
1956,All,Trawl,2025,9.2159
1957,All,Trawl,2025,11.6179
1958,All,Trawl,2025,10.5943
1959,All,Trawl,2025,8.1101
1960,All,Trawl,2025,11.8123
1961,All,Trawl,2025,13.2
1962,All,Trawl,2025,14.2277
1963,All,Trawl,2025,10.532
1964,All,Trawl,2025,11.4327
1965,All,Trawl,2025,18.9403
1966,All,Trawl,2025,120.7683
1967,All,Trawl,2025,98.6831
1968,All,Trawl,2025,75.1993
1969,All,Trawl,2025,24.7727
1970,All,Trawl,2025,17.5868
1971,All,Trawl,2025,63.0684
1972,All,Trawl,2025,73.6196
1973,All,Trawl,2025,68.4336
1974,All,Trawl,2025,46.9345
1975,All,Trawl,2025,32.5489
1976,All,Trawl,2025,19.0768
1977,All,Trawl,2025,0.7293
1978,All,Trawl,2025,33.3395
1979,All,Trawl,2025,112.48
1980,All,Trawl,2025,58.143
1981,All,Trawl,2025,60.84975089
1982,All,Trawl,2025,94.44565268
1983,All,Trawl,2025,54.53831639
1984,All,Trawl,2025,73.41586839
1985,All,Trawl,2025,136.7778477
1986,All,Trawl,2025,153.191556
1987,All,Trawl,2025,197.6901943
1988,All,Trawl,2025,168.5253564
1989,All,Trawl,2025,284.8162431
1990,All,Trawl,2025,166.8524684
1991,All,Trawl,2025,232.9571384
1992,All,Trawl,2025,183.7671813
1993,All,Trawl,2025,166.0284261
1994,All,Trawl,2025,126.4477856
1995,All,Trawl,2025,160.5336181
1996,All,Trawl,2025,123.4757722
1997,All,Trawl,2025,104.4250497
1998,All,Trawl,2025,106.7468529
1999,All,Trawl,2025,78.59212327
2000,All,Trawl,2025,83.12394019
2001,All,Trawl,2025,75.64146913
2002,All,Trawl,2025,30.91401039
2003,All,Trawl,2025,57.833779
2004,All,Trawl,2025,59.2323043
2005,All,Trawl,2025,45.64012743
2006,All,Trawl,2025,47.8564777
2007,All,Trawl,2025,62.26998301
2008,All,Trawl,2025,55.16172049
2009,All,Trawl,2025,68.48275661
2010,All,Trawl,2025,84.15414957
2011,All,Trawl,2025,57.12542185
2012,All,Trawl,2025,96.15064391
2013,All,Trawl,2025,66.46598602
2014,All,Trawl,2025,37.70530266
2015,All,Trawl,2025,49.93428178
2016,All,Trawl,2025,46.31446554
2017,All,Trawl,2025,24.41104642
2018,All,Trawl,2025,19.06186065
2019,All,Trawl,2025,31.30760184
2020,All,Trawl,2025,38.77825452
2021,All,Trawl,2025,31.72044773
2022,All,Trawl,2025,30.16644714
2023,All,Trawl,2025,39.5092441
2024,All,Trawl,2025,75.19067851
1916,CA,Non-trawl,2013,0
1917,CA,Non-trawl,2013,0
1918,CA,Non-trawl,2013,0
1919,CA,Non-trawl,2013,0
1920,CA,Non-trawl,2013,0
1921,CA,Non-trawl,2013,0
1922,CA,Non-trawl,2013,0
1923,CA,Non-trawl,2013,0
1924,CA,Non-trawl,2013,0
1925,CA,Non-trawl,2013,0
1926,CA,Non-trawl,2013,0
1927,CA,Non-trawl,2013,0
1928,CA,Non-trawl,2013,0
1929,CA,Non-trawl,2013,0
1930,CA,Non-trawl,2013,0
1931,CA,Non-trawl,2013,0
1932,CA,Non-trawl,2013,0
1933,CA,Non-trawl,2013,0
1934,CA,Non-trawl,2013,0
1935,CA,Non-trawl,2013,0
1936,CA,Non-trawl,2013,0
1937,CA,Non-trawl,2013,0
1938,CA,Non-trawl,2013,0
1939,CA,Non-trawl,2013,0
1940,CA,Non-trawl,2013,0
1941,CA,Non-trawl,2013,0
1942,CA,Non-trawl,2013,0
1943,CA,Non-trawl,2013,0
1944,CA,Non-trawl,2013,0
1945,CA,Non-trawl,2013,0
1946,CA,Non-trawl,2013,0
1947,CA,Non-trawl,2013,0
1948,CA,Non-trawl,2013,0
1949,CA,Non-trawl,2013,0
1950,CA,Non-trawl,2013,0
1951,CA,Non-trawl,2013,0
1952,CA,Non-trawl,2013,0
1953,CA,Non-trawl,2013,0
1954,CA,Non-trawl,2013,0
1955,CA,Non-trawl,2013,0
1956,CA,Non-trawl,2013,0
1957,CA,Non-trawl,2013,0
1958,CA,Non-trawl,2013,0
1959,CA,Non-trawl,2013,0
1960,CA,Non-trawl,2013,0
1961,CA,Non-trawl,2013,0
1962,CA,Non-trawl,2013,0
1963,CA,Non-trawl,2013,0
1964,CA,Non-trawl,2013,0
1965,CA,Non-trawl,2013,0
1966,CA,Non-trawl,2013,0
1967,CA,Non-trawl,2013,0
1968,CA,Non-trawl,2013,0
1969,CA,Non-trawl,2013,0
1970,CA,Non-trawl,2013,0
1971,CA,Non-trawl,2013,0
1972,CA,Non-trawl,2013,0
1973,CA,Non-trawl,2013,0
1974,CA,Non-trawl,2013,0
1975,CA,Non-trawl,2013,0
1976,CA,Non-trawl,2013,0
1977,CA,Non-trawl,2013,0
1978,CA,Non-trawl,2013,0
1979,CA,Non-trawl,2013,0
1980,CA,Non-trawl,2013,0
1981,CA,Non-trawl,2013,2.09
1982,CA,Non-trawl,2013,0
1983,CA,Non-trawl,2013,0
1984,CA,Non-trawl,2013,0
1985,CA,Non-trawl,2013,0
1986,CA,Non-trawl,2013,0.1
1987,CA,Non-trawl,2013,0
1988,CA,Non-trawl,2013,0
1989,CA,Non-trawl,2013,0.14
1990,CA,Non-trawl,2013,0.38
1991,CA,Non-trawl,2013,0
1992,CA,Non-trawl,2013,1.07
1993,CA,Non-trawl,2013,0
1994,CA,Non-trawl,2013,6.91
1995,CA,Non-trawl,2013,0.7
1996,CA,Non-trawl,2013,0.76
1997,CA,Non-trawl,2013,0.36
1998,CA,Non-trawl,2013,0.83
1999,CA,Non-trawl,2013,0
2000,CA,Non-trawl,2013,1
2001,CA,Non-trawl,2013,2.47
2002,CA,Non-trawl,2013,0.55
2003,CA,Non-trawl,2013,1.25
2004,CA,Non-trawl,2013,0
2005,CA,Non-trawl,2013,3.12
2006,CA,Non-trawl,2013,1.85
2007,CA,Non-trawl,2013,3.11
2008,CA,Non-trawl,2013,1.06
2009,CA,Non-trawl,2013,5.23
2010,CA,Non-trawl,2013,1.79
2011,CA,Non-trawl,2013,1.95
2012,CA,Non-trawl,2013,0
1916,CA,Non-trawl,2025,0.08845044
1917,CA,Non-trawl,2025,0.14288148
1918,CA,Non-trawl,2025,0.130634496
1919,CA,Non-trawl,2025,0.078017824
1920,CA,Non-trawl,2025,0.084821704
1921,CA,Non-trawl,2025,0.073935496
1922,CA,Non-trawl,2025,0.073028312
1923,CA,Non-trawl,2025,0.09752228
1924,CA,Non-trawl,2025,0.130634496
1925,CA,Non-trawl,2025,0.143335072
1926,CA,Non-trawl,2025,0.178261656
1927,CA,Non-trawl,2025,0.147870992
1928,CA,Non-trawl,2025,0.126098576
1929,CA,Non-trawl,2025,0.127459352
1930,CA,Non-trawl,2025,0.129727312
1931,CA,Non-trawl,2025,0.027669112
1932,CA,Non-trawl,2025,0.23586784
1933,CA,Non-trawl,2025,0.025854744
1934,CA,Non-trawl,2025,0.12246984
1935,CA,Non-trawl,2025,0.140159928
1936,CA,Non-trawl,2025,0.166921856
1937,CA,Non-trawl,2025,0.098429464
1938,CA,Non-trawl,2025,0.053977448
1939,CA,Non-trawl,2025,0.04989512
1940,CA,Non-trawl,2025,0.060781328
1941,CA,Non-trawl,2025,0.067131616
1942,CA,Non-trawl,2025,0.032658624
1943,CA,Non-trawl,2025,0.024493968
1944,CA,Non-trawl,2025,0.02041164
1945,CA,Non-trawl,2025,0.037648136
1946,CA,Non-trawl,2025,0.044452016
1947,CA,Non-trawl,2025,0.023586784
1948,CA,Non-trawl,2025,0.02721552
1949,CA,Non-trawl,2025,0.033565808
1950,CA,Non-trawl,2025,0.078017824
1951,CA,Non-trawl,2025,0.045812792
1952,CA,Non-trawl,2025,0.03855532
1953,CA,Non-trawl,2025,0.01587572
1954,CA,Non-trawl,2025,0.02721552
1955,CA,Non-trawl,2025,0.052616672
1956,CA,Non-trawl,2025,0.055338224
1957,CA,Non-trawl,2025,0.06350288
1958,CA,Non-trawl,2025,0.042637648
1959,CA,Non-trawl,2025,0.01587572
1960,CA,Non-trawl,2025,0.025401152
1961,CA,Non-trawl,2025,0.025854744
1962,CA,Non-trawl,2025,0.02494756
1963,CA,Non-trawl,2025,0.038101728
1964,CA,Non-trawl,2025,0.02494756
1965,CA,Non-trawl,2025,0.025854744
1966,CA,Non-trawl,2025,0.023586784
1967,CA,Non-trawl,2025,0.03175144
1968,CA,Non-trawl,2025,0.030844256
1969,CA,Non-trawl,2025,0
1970,CA,Non-trawl,2025,0
1971,CA,Non-trawl,2025,0
1972,CA,Non-trawl,2025,0
1973,CA,Non-trawl,2025,0
1974,CA,Non-trawl,2025,0
1975,CA,Non-trawl,2025,0
1976,CA,Non-trawl,2025,0
1977,CA,Non-trawl,2025,0
1978,CA,Non-trawl,2025,0
1979,CA,Non-trawl,2025,0
1980,CA,Non-trawl,2025,0
1981,CA,Non-trawl,2025,1.992898177
1982,CA,Non-trawl,2025,0
1983,CA,Non-trawl,2025,0
1984,CA,Non-trawl,2025,0
1985,CA,Non-trawl,2025,0.000791065
1986,CA,Non-trawl,2025,0.096839068
1987,CA,Non-trawl,2025,9.00596865
1988,CA,Non-trawl,2025,0
1989,CA,Non-trawl,2025,0.13578469
1990,CA,Non-trawl,2025,0.384437632
1991,CA,Non-trawl,2025,4.98952E-06
1992,CA,Non-trawl,2025,1.072316858
1993,CA,Non-trawl,2025,0
1994,CA,Non-trawl,2025,6.965413564
1995,CA,Non-trawl,2025,1.112490672
1996,CA,Non-trawl,2025,0.762376465
1997,CA,Non-trawl,2025,0.329027423
1998,CA,Non-trawl,2025,0.995407232
1999,CA,Non-trawl,2025,0
2000,CA,Non-trawl,2025,0.972345114
2001,CA,Non-trawl,2025,2.473827698
2002,CA,Non-trawl,2025,0.555038576
2003,CA,Non-trawl,2025,1.25289482
2004,CA,Non-trawl,2025,0
2005,CA,Non-trawl,2025,3.123498297
2006,CA,Non-trawl,2025,1.848584498
2007,CA,Non-trawl,2025,3.107658943
2008,CA,Non-trawl,2025,1.06303418
2009,CA,Non-trawl,2025,5.232810126
2010,CA,Non-trawl,2025,1.788818397
2011,CA,Non-trawl,2025,2.016745975
2012,CA,Non-trawl,2025,5.451372925
2013,CA,Non-trawl,2025,3.387491416
2014,CA,Non-trawl,2025,2.518380992
2015,CA,Non-trawl,2025,1.210115743
2016,CA,Non-trawl,2025,2.986657136
2017,CA,Non-trawl,2025,0.012246994
2018,CA,Non-trawl,2025,0.316076114
2019,CA,Non-trawl,2025,0.759585783
2020,CA,Non-trawl,2025,1.029198941
2021,CA,Non-trawl,2025,0.78652917
2022,CA,Non-trawl,2025,1.216081145
2023,CA,Non-trawl,2025,4.741793097
2024,CA,Non-trawl,2025,2.498895253
1916,WA,Non-trawl,2013,32.61
1917,WA,Non-trawl,2013,34.32
1918,WA,Non-trawl,2013,36.04
1919,WA,Non-trawl,2013,37.76
1920,WA,Non-trawl,2013,39.47
1921,WA,Non-trawl,2013,41.19
1922,WA,Non-trawl,2013,42.9
1923,WA,Non-trawl,2013,44.62
1924,WA,Non-trawl,2013,46.34
1925,WA,Non-trawl,2013,48.05
1926,WA,Non-trawl,2013,49.77
1927,WA,Non-trawl,2013,51.48
1928,WA,Non-trawl,2013,61.19
1929,WA,Non-trawl,2013,75.3
1930,WA,Non-trawl,2013,69.12
1931,WA,Non-trawl,2013,63.21
1932,WA,Non-trawl,2013,46.63
1933,WA,Non-trawl,2013,51.3
1934,WA,Non-trawl,2013,53.3
1935,WA,Non-trawl,2013,52.38
1936,WA,Non-trawl,2013,70.63
1937,WA,Non-trawl,2013,70.33
1938,WA,Non-trawl,2013,57.38
1939,WA,Non-trawl,2013,46.73
1940,WA,Non-trawl,2013,68.98
1941,WA,Non-trawl,2013,85.38
1942,WA,Non-trawl,2013,121.47
1943,WA,Non-trawl,2013,146.25
1944,WA,Non-trawl,2013,61.2
1945,WA,Non-trawl,2013,52.67
1946,WA,Non-trawl,2013,59.95
1947,WA,Non-trawl,2013,53.54
1948,WA,Non-trawl,2013,60.69
1949,WA,Non-trawl,2013,69.02
1950,WA,Non-trawl,2013,45.31
1951,WA,Non-trawl,2013,69.66
1952,WA,Non-trawl,2013,48.64
1953,WA,Non-trawl,2013,20.25
1954,WA,Non-trawl,2013,36.71
1955,WA,Non-trawl,2013,42.17
1956,WA,Non-trawl,2013,15.06
1957,WA,Non-trawl,2013,25.58
1958,WA,Non-trawl,2013,7.45
1959,WA,Non-trawl,2013,18.05
1960,WA,Non-trawl,2013,20.14
1961,WA,Non-trawl,2013,11.05
1962,WA,Non-trawl,2013,12.71
1963,WA,Non-trawl,2013,8.23
1964,WA,Non-trawl,2013,10.73
1965,WA,Non-trawl,2013,8.1
1966,WA,Non-trawl,2013,4.89
1967,WA,Non-trawl,2013,4.18
1968,WA,Non-trawl,2013,2.12
1969,WA,Non-trawl,2013,6.75
1970,WA,Non-trawl,2013,0.27
1971,WA,Non-trawl,2013,0
1972,WA,Non-trawl,2013,0.01
1973,WA,Non-trawl,2013,0.08
1974,WA,Non-trawl,2013,0.6
1975,WA,Non-trawl,2013,2.01
1976,WA,Non-trawl,2013,0
1977,WA,Non-trawl,2013,22.98
1978,WA,Non-trawl,2013,38.7
1979,WA,Non-trawl,2013,41.25
1980,WA,Non-trawl,2013,15.15
1981,WA,Non-trawl,2013,49
1982,WA,Non-trawl,2013,59.49
1983,WA,Non-trawl,2013,72.09
1984,WA,Non-trawl,2013,97.1
1985,WA,Non-trawl,2013,200.35
1986,WA,Non-trawl,2013,217.29
1987,WA,Non-trawl,2013,337.64
1988,WA,Non-trawl,2013,180.89
1989,WA,Non-trawl,2013,160.12
1990,WA,Non-trawl,2013,118.48
1991,WA,Non-trawl,2013,97.61
1992,WA,Non-trawl,2013,165.97
1993,WA,Non-trawl,2013,279.91
1994,WA,Non-trawl,2013,290.4
1995,WA,Non-trawl,2013,277.19
1996,WA,Non-trawl,2013,207.16
1997,WA,Non-trawl,2013,156.04
1998,WA,Non-trawl,2013,159.67
1999,WA,Non-trawl,2013,117.77
2000,WA,Non-trawl,2013,25.58
2001,WA,Non-trawl,2013,13
2002,WA,Non-trawl,2013,23.18
2003,WA,Non-trawl,2013,18.33
2004,WA,Non-trawl,2013,31.44
2005,WA,Non-trawl,2013,40.59
2006,WA,Non-trawl,2013,51.85
2007,WA,Non-trawl,2013,48.55
2008,WA,Non-trawl,2013,43.59
2009,WA,Non-trawl,2013,76.87
2010,WA,Non-trawl,2013,44.89
2011,WA,Non-trawl,2013,39.67
2012,WA,Non-trawl,2013,30.27
1916,WA,Non-trawl,2025,32.61
1917,WA,Non-trawl,2025,34.32
1918,WA,Non-trawl,2025,36.04
1919,WA,Non-trawl,2025,37.76
1920,WA,Non-trawl,2025,39.47
1921,WA,Non-trawl,2025,41.19
1922,WA,Non-trawl,2025,42.9
1923,WA,Non-trawl,2025,44.62
1924,WA,Non-trawl,2025,46.34
1925,WA,Non-trawl,2025,48.05
1926,WA,Non-trawl,2025,49.77
1927,WA,Non-trawl,2025,51.48
1928,WA,Non-trawl,2025,61.19
1929,WA,Non-trawl,2025,75.3
1930,WA,Non-trawl,2025,69.12
1931,WA,Non-trawl,2025,63.21
1932,WA,Non-trawl,2025,46.63
1933,WA,Non-trawl,2025,51.3
1934,WA,Non-trawl,2025,53.3
1935,WA,Non-trawl,2025,52.38
1936,WA,Non-trawl,2025,70.63
1937,WA,Non-trawl,2025,70.33
1938,WA,Non-trawl,2025,57.38
1939,WA,Non-trawl,2025,46.73
1940,WA,Non-trawl,2025,68.98
1941,WA,Non-trawl,2025,85.38
1942,WA,Non-trawl,2025,121.47
1943,WA,Non-trawl,2025,146.25
1944,WA,Non-trawl,2025,61.2
1945,WA,Non-trawl,2025,52.67
1946,WA,Non-trawl,2025,59.95
1947,WA,Non-trawl,2025,53.54
1948,WA,Non-trawl,2025,60.69
1949,WA,Non-trawl,2025,69.02
1950,WA,Non-trawl,2025,45.31
1951,WA,Non-trawl,2025,69.66
1952,WA,Non-trawl,2025,48.64
1953,WA,Non-trawl,2025,20.25
1954,WA,Non-trawl,2025,36.71
1955,WA,Non-trawl,2025,42.17
1956,WA,Non-trawl,2025,15.06
1957,WA,Non-trawl,2025,25.58
1958,WA,Non-trawl,2025,7.45
1959,WA,Non-trawl,2025,18.05
1960,WA,Non-trawl,2025,20.14
1961,WA,Non-trawl,2025,11.05
1962,WA,Non-trawl,2025,12.71
1963,WA,Non-trawl,2025,8.23
1964,WA,Non-trawl,2025,10.73
1965,WA,Non-trawl,2025,8.1
1966,WA,Non-trawl,2025,4.89
1967,WA,Non-trawl,2025,4.18
1968,WA,Non-trawl,2025,2.12
1969,WA,Non-trawl,2025,6.75
1970,WA,Non-trawl,2025,0.27
1971,WA,Non-trawl,2025,0
1972,WA,Non-trawl,2025,0.01
1973,WA,Non-trawl,2025,0.08
1974,WA,Non-trawl,2025,0.6
1975,WA,Non-trawl,2025,2.01
1976,WA,Non-trawl,2025,0
1977,WA,Non-trawl,2025,22.98
1978,WA,Non-trawl,2025,38.7
1979,WA,Non-trawl,2025,41.25
1980,WA,Non-trawl,2025,15.15
1981,WA,Non-trawl,2025,49
1982,WA,Non-trawl,2025,59.49
1983,WA,Non-trawl,2025,72.09
1984,WA,Non-trawl,2025,97.1
1985,WA,Non-trawl,2025,200.35
1986,WA,Non-trawl,2025,217.29
1987,WA,Non-trawl,2025,337.64
1988,WA,Non-trawl,2025,180.89
1989,WA,Non-trawl,2025,160.12
1990,WA,Non-trawl,2025,118.48
1991,WA,Non-trawl,2025,97.61
1992,WA,Non-trawl,2025,165.97
1993,WA,Non-trawl,2025,279.91
1994,WA,Non-trawl,2025,290.4
1995,WA,Non-trawl,2025,277.19
1996,WA,Non-trawl,2025,207.16
1997,WA,Non-trawl,2025,156.04
1998,WA,Non-trawl,2025,159.67
1999,WA,Non-trawl,2025,117.77
2000,WA,Non-trawl,2025,25.58175925
2001,WA,Non-trawl,2025,13.02148873
2002,WA,Non-trawl,2025,23.08495034
2003,WA,Non-trawl,2025,18.30328344
2004,WA,Non-trawl,2025,31.39725056
2005,WA,Non-trawl,2025,40.48515727
2006,WA,Non-trawl,2025,52.07923708
2007,WA,Non-trawl,2025,49.18556814
2008,WA,Non-trawl,2025,43.5137215
2009,WA,Non-trawl,2025,77.20540861
2010,WA,Non-trawl,2025,46.22041023
2011,WA,Non-trawl,2025,40.41256707
2012,WA,Non-trawl,2025,45.4100417
2013,WA,Non-trawl,2025,36.51422442
2014,WA,Non-trawl,2025,28.77383981
2015,WA,Non-trawl,2025,31.80518655
2016,WA,Non-trawl,2025,41.22057117
2017,WA,Non-trawl,2025,45.9215662
2018,WA,Non-trawl,2025,38.88282027
2019,WA,Non-trawl,2025,29.58941068
2020,WA,Non-trawl,2025,12.74236749
2021,WA,Non-trawl,2025,11.71510515
2022,WA,Non-trawl,2025,13.54055457
2023,WA,Non-trawl,2025,8.559313067
2024,WA,Non-trawl,2025,5.408621136
1892,OR,Non-trawl,2013,0
1893,OR,Non-trawl,2013,0
1894,OR,Non-trawl,2013,0
1895,OR,Non-trawl,2013,0
1896,OR,Non-trawl,2013,0
1897,OR,Non-trawl,2013,0
1898,OR,Non-trawl,2013,0
1899,OR,Non-trawl,2013,0
1900,OR,Non-trawl,2013,0
1901,OR,Non-trawl,2013,0
1902,OR,Non-trawl,2013,0
1903,OR,Non-trawl,2013,0
1904,OR,Non-trawl,2013,0
1905,OR,Non-trawl,2013,0
1906,OR,Non-trawl,2013,0
1907,OR,Non-trawl,2013,0
1908,OR,Non-trawl,2013,0
1909,OR,Non-trawl,2013,0
1910,OR,Non-trawl,2013,0
1911,OR,Non-trawl,2013,0
1912,OR,Non-trawl,2013,0
1913,OR,Non-trawl,2013,0
1914,OR,Non-trawl,2013,0
1915,OR,Non-trawl,2013,0
1916,OR,Non-trawl,2013,9.25
1917,OR,Non-trawl,2013,9.72
1918,OR,Non-trawl,2013,10.2
1919,OR,Non-trawl,2013,10.67
1920,OR,Non-trawl,2013,11.15
1921,OR,Non-trawl,2013,11.62
1922,OR,Non-trawl,2013,12.1
1923,OR,Non-trawl,2013,12.57
1924,OR,Non-trawl,2013,13.05
1925,OR,Non-trawl,2013,13.52
1926,OR,Non-trawl,2013,14
1927,OR,Non-trawl,2013,14.52
1928,OR,Non-trawl,2013,24.23
1929,OR,Non-trawl,2013,38.33
1930,OR,Non-trawl,2013,32.15
1931,OR,Non-trawl,2013,26.24
1932,OR,Non-trawl,2013,9.66
1933,OR,Non-trawl,2013,14.33
1934,OR,Non-trawl,2013,16.34
1935,OR,Non-trawl,2013,15.42
1936,OR,Non-trawl,2013,33.66
1937,OR,Non-trawl,2013,33.36
1938,OR,Non-trawl,2013,20.41
1939,OR,Non-trawl,2013,9.76
1940,OR,Non-trawl,2013,32.02
1941,OR,Non-trawl,2013,48.41
1942,OR,Non-trawl,2013,84.5
1943,OR,Non-trawl,2013,109.28
1944,OR,Non-trawl,2013,24.23
1945,OR,Non-trawl,2013,15.7
1946,OR,Non-trawl,2013,22.99
1947,OR,Non-trawl,2013,16.57
1948,OR,Non-trawl,2013,23.72
1949,OR,Non-trawl,2013,7.93
1950,OR,Non-trawl,2013,18.99
1951,OR,Non-trawl,2013,13.72
1952,OR,Non-trawl,2013,6.44
1953,OR,Non-trawl,2013,5.68
1954,OR,Non-trawl,2013,8.83
1955,OR,Non-trawl,2013,6.3
1956,OR,Non-trawl,2013,5.22
1957,OR,Non-trawl,2013,11.45
1958,OR,Non-trawl,2013,3.15
1959,OR,Non-trawl,2013,5.52
1960,OR,Non-trawl,2013,2.05
1961,OR,Non-trawl,2013,8.73
1962,OR,Non-trawl,2013,10.3
1963,OR,Non-trawl,2013,6.23
1964,OR,Non-trawl,2013,0.55
1965,OR,Non-trawl,2013,3.01
1966,OR,Non-trawl,2013,2.92
1967,OR,Non-trawl,2013,7.93
1968,OR,Non-trawl,2013,5.91
1969,OR,Non-trawl,2013,21.22
1970,OR,Non-trawl,2013,3.54
1971,OR,Non-trawl,2013,0.85
1972,OR,Non-trawl,2013,1.43
1973,OR,Non-trawl,2013,0.16
1974,OR,Non-trawl,2013,0
1975,OR,Non-trawl,2013,0.55
1976,OR,Non-trawl,2013,0
1977,OR,Non-trawl,2013,0
1978,OR,Non-trawl,2013,16.17
1979,OR,Non-trawl,2013,60.26
1980,OR,Non-trawl,2013,15.91
1981,OR,Non-trawl,2013,47.47
1982,OR,Non-trawl,2013,48.12
1983,OR,Non-trawl,2013,49.45
1984,OR,Non-trawl,2013,37.66
1985,OR,Non-trawl,2013,69.32
1986,OR,Non-trawl,2013,174.93
1987,OR,Non-trawl,2013,222.12
1988,OR,Non-trawl,2013,96.85
1989,OR,Non-trawl,2013,40.02
1990,OR,Non-trawl,2013,0
1991,OR,Non-trawl,2013,2.1
1992,OR,Non-trawl,2013,8.1
1993,OR,Non-trawl,2013,31.24
1994,OR,Non-trawl,2013,18.84
1995,OR,Non-trawl,2013,122.56
1996,OR,Non-trawl,2013,70.47
1997,OR,Non-trawl,2013,12.69
1998,OR,Non-trawl,2013,75.73
1999,OR,Non-trawl,2013,4.23
2000,OR,Non-trawl,2013,2.22
2001,OR,Non-trawl,2013,0.81
2002,OR,Non-trawl,2013,3.26
2003,OR,Non-trawl,2013,2.32
2004,OR,Non-trawl,2013,0
2005,OR,Non-trawl,2013,5.31
2006,OR,Non-trawl,2013,2.4
2007,OR,Non-trawl,2013,2.79
2008,OR,Non-trawl,2013,9.68
2009,OR,Non-trawl,2013,19.6
2010,OR,Non-trawl,2013,21.88
2011,OR,Non-trawl,2013,17.95
2012,OR,Non-trawl,2013,17.71
1892,OR,Non-trawl,2025,19.2555
1893,OR,Non-trawl,2025,19.2555
1894,OR,Non-trawl,2025,19.2555
1895,OR,Non-trawl,2025,4.9513
1896,OR,Non-trawl,2025,1.1921
1897,OR,Non-trawl,2025,1.2148
1898,OR,Non-trawl,2025,0.6878
1899,OR,Non-trawl,2025,1.1631
1900,OR,Non-trawl,2025,1.6385
1901,OR,Non-trawl,2025,2.1141
1902,OR,Non-trawl,2025,2.5895
1903,OR,Non-trawl,2025,3.0648
1904,OR,Non-trawl,2025,3.5402
1905,OR,Non-trawl,2025,4.0158
1906,OR,Non-trawl,2025,4.4911
1907,OR,Non-trawl,2025,4.9665
1908,OR,Non-trawl,2025,5.4421
1909,OR,Non-trawl,2025,5.9175
1910,OR,Non-trawl,2025,6.3928
1911,OR,Non-trawl,2025,6.8682
1912,OR,Non-trawl,2025,7.3438
1913,OR,Non-trawl,2025,7.8192
1914,OR,Non-trawl,2025,8.2945
1915,OR,Non-trawl,2025,8.7699
1916,OR,Non-trawl,2025,9.2455
1917,OR,Non-trawl,2025,9.7209
1918,OR,Non-trawl,2025,10.1962
1919,OR,Non-trawl,2025,10.6718
1920,OR,Non-trawl,2025,11.1472
1921,OR,Non-trawl,2025,11.6225
1922,OR,Non-trawl,2025,12.0979
1923,OR,Non-trawl,2025,12.5735
1924,OR,Non-trawl,2025,13.0489
1925,OR,Non-trawl,2025,13.5242
1926,OR,Non-trawl,2025,13.9998
1927,OR,Non-trawl,2025,14.5173
1928,OR,Non-trawl,2025,24.2266
1929,OR,Non-trawl,2025,38.3329
1930,OR,Non-trawl,2025,32.1485
1931,OR,Non-trawl,2025,26.2383
1932,OR,Non-trawl,2025,9.6629
1933,OR,Non-trawl,2025,14.3311
1934,OR,Non-trawl,2025,16.3369
1935,OR,Non-trawl,2025,15.4165
1936,OR,Non-trawl,2025,33.6599
1937,OR,Non-trawl,2025,33.3641
1938,OR,Non-trawl,2025,30.9974
1939,OR,Non-trawl,2025,9.7627
1940,OR,Non-trawl,2025,36.9471
1941,OR,Non-trawl,2025,61.3055
1942,OR,Non-trawl,2025,87.3496
1943,OR,Non-trawl,2025,235.407
1944,OR,Non-trawl,2025,42.2726
1945,OR,Non-trawl,2025,15.7
1946,OR,Non-trawl,2025,22.9868
1947,OR,Non-trawl,2025,16.5734
1948,OR,Non-trawl,2025,23.7223
1949,OR,Non-trawl,2025,7.9306
1950,OR,Non-trawl,2025,18.987
1951,OR,Non-trawl,2025,13.7231
1952,OR,Non-trawl,2025,6.4363
1953,OR,Non-trawl,2025,5.6777
1954,OR,Non-trawl,2025,8.8269
1955,OR,Non-trawl,2025,6.2984
1956,OR,Non-trawl,2025,5.218
1957,OR,Non-trawl,2025,11.4474
1958,OR,Non-trawl,2025,3.1492
1959,OR,Non-trawl,2025,5.5168
1960,OR,Non-trawl,2025,2.343
1961,OR,Non-trawl,2025,8.735
1962,OR,Non-trawl,2025,10.2981
1963,OR,Non-trawl,2025,6.2294
1964,OR,Non-trawl,2025,14.1481
1965,OR,Non-trawl,2025,3.0113
1966,OR,Non-trawl,2025,2.9193
1967,OR,Non-trawl,2025,7.9304
1968,OR,Non-trawl,2025,5.9076
1969,OR,Non-trawl,2025,21.2167
1970,OR,Non-trawl,2025,3.54
1971,OR,Non-trawl,2025,0.8505
1972,OR,Non-trawl,2025,1.4252
1973,OR,Non-trawl,2025,5.6217
1974,OR,Non-trawl,2025,18.3885
1975,OR,Non-trawl,2025,4.8238
1976,OR,Non-trawl,2025,2.0432
1977,OR,Non-trawl,2025,151.9008
1978,OR,Non-trawl,2025,19.9548
1979,OR,Non-trawl,2025,66.1828
1980,OR,Non-trawl,2025,19.1333
1981,OR,Non-trawl,2025,51.0981
1982,OR,Non-trawl,2025,51.1105
1983,OR,Non-trawl,2025,52.8526
1984,OR,Non-trawl,2025,38.7282
1985,OR,Non-trawl,2025,71.2468
1986,OR,Non-trawl,2025,184.8139
1987,OR,Non-trawl,2025,245.3216
1988,OR,Non-trawl,2025,102.6146
1989,OR,Non-trawl,2025,97.8764
1990,OR,Non-trawl,2025,51.2783
1991,OR,Non-trawl,2025,33.8999
1992,OR,Non-trawl,2025,63.1104
1993,OR,Non-trawl,2025,33.9669
1994,OR,Non-trawl,2025,38.6185
1995,OR,Non-trawl,2025,131.2078
1996,OR,Non-trawl,2025,84.6086
1997,OR,Non-trawl,2025,46.8487
1998,OR,Non-trawl,2025,86.3391
1999,OR,Non-trawl,2025,40.9562
2000,OR,Non-trawl,2025,2.2221
2001,OR,Non-trawl,2025,2.1381
2002,OR,Non-trawl,2025,3.7467
2003,OR,Non-trawl,2025,3.2242
2004,OR,Non-trawl,2025,2.2786
2005,OR,Non-trawl,2025,6.1589
2006,OR,Non-trawl,2025,5.0843
2007,OR,Non-trawl,2025,6.4822
2008,OR,Non-trawl,2025,11.0353
2009,OR,Non-trawl,2025,21.4026
2010,OR,Non-trawl,2025,22.4941
2011,OR,Non-trawl,2025,20.4335
2012,OR,Non-trawl,2025,22.7682
2013,OR,Non-trawl,2025,19.2234
2014,OR,Non-trawl,2025,5.762
2015,OR,Non-trawl,2025,13.5416
2016,OR,Non-trawl,2025,16.0611
2017,OR,Non-trawl,2025,13.0993
2018,OR,Non-trawl,2025,7.4689
2019,OR,Non-trawl,2025,8.3962
2020,OR,Non-trawl,2025,10.5803
2021,OR,Non-trawl,2025,8.5625
2022,OR,Non-trawl,2025,4.307
2023,OR,Non-trawl,2025,5.3645
2024,OR,Non-trawl,2025,1.992177691
1892,All,Non-trawl,2013,0
1893,All,Non-trawl,2013,0
1894,All,Non-trawl,2013,0
1895,All,Non-trawl,2013,0
1896,All,Non-trawl,2013,0
1897,All,Non-trawl,2013,0
1898,All,Non-trawl,2013,0
1899,All,Non-trawl,2013,0
1900,All,Non-trawl,2013,0
1901,All,Non-trawl,2013,0
1902,All,Non-trawl,2013,0
1903,All,Non-trawl,2013,0
1904,All,Non-trawl,2013,0
1905,All,Non-trawl,2013,0
1906,All,Non-trawl,2013,0
1907,All,Non-trawl,2013,0
1908,All,Non-trawl,2013,0
1909,All,Non-trawl,2013,0
1910,All,Non-trawl,2013,0
1911,All,Non-trawl,2013,0
1912,All,Non-trawl,2013,0
1913,All,Non-trawl,2013,0
1914,All,Non-trawl,2013,0
1915,All,Non-trawl,2013,0
1916,All,Non-trawl,2013,41.85
1917,All,Non-trawl,2013,44.04
1918,All,Non-trawl,2013,46.24
1919,All,Non-trawl,2013,48.43
1920,All,Non-trawl,2013,50.62
1921,All,Non-trawl,2013,52.81
1922,All,Non-trawl,2013,55
1923,All,Non-trawl,2013,57.19
1924,All,Non-trawl,2013,59.39
1925,All,Non-trawl,2013,61.58
1926,All,Non-trawl,2013,63.77
1927,All,Non-trawl,2013,66
1928,All,Non-trawl,2013,85.42
1929,All,Non-trawl,2013,113.63
1930,All,Non-trawl,2013,101.26
1931,All,Non-trawl,2013,89.44
1932,All,Non-trawl,2013,56.29
1933,All,Non-trawl,2013,65.63
1934,All,Non-trawl,2013,69.64
1935,All,Non-trawl,2013,67.8
1936,All,Non-trawl,2013,104.29
1937,All,Non-trawl,2013,103.7
1938,All,Non-trawl,2013,77.79
1939,All,Non-trawl,2013,56.49
1940,All,Non-trawl,2013,101
1941,All,Non-trawl,2013,133.79
1942,All,Non-trawl,2013,205.97
1943,All,Non-trawl,2013,255.53
1944,All,Non-trawl,2013,85.42
1945,All,Non-trawl,2013,68.37
1946,All,Non-trawl,2013,82.94
1947,All,Non-trawl,2013,70.11
1948,All,Non-trawl,2013,84.41
1949,All,Non-trawl,2013,76.95
1950,All,Non-trawl,2013,64.3
1951,All,Non-trawl,2013,83.38
1952,All,Non-trawl,2013,55.08
1953,All,Non-trawl,2013,25.93
1954,All,Non-trawl,2013,45.53
1955,All,Non-trawl,2013,48.47
1956,All,Non-trawl,2013,20.28
1957,All,Non-trawl,2013,37.02
1958,All,Non-trawl,2013,10.6
1959,All,Non-trawl,2013,23.57
1960,All,Non-trawl,2013,22.18
1961,All,Non-trawl,2013,19.79
1962,All,Non-trawl,2013,23.01
1963,All,Non-trawl,2013,14.46
1964,All,Non-trawl,2013,11.28
1965,All,Non-trawl,2013,11.11
1966,All,Non-trawl,2013,7.81
1967,All,Non-trawl,2013,12.11
1968,All,Non-trawl,2013,8.03
1969,All,Non-trawl,2013,27.96
1970,All,Non-trawl,2013,3.81
1971,All,Non-trawl,2013,0.85
1972,All,Non-trawl,2013,1.44
1973,All,Non-trawl,2013,0.24
1974,All,Non-trawl,2013,0.6
1975,All,Non-trawl,2013,2.56
1976,All,Non-trawl,2013,0.01
1977,All,Non-trawl,2013,22.98
1978,All,Non-trawl,2013,54.87
1979,All,Non-trawl,2013,101.51
1980,All,Non-trawl,2013,31.06
1981,All,Non-trawl,2013,98.56
1982,All,Non-trawl,2013,107.61
1983,All,Non-trawl,2013,121.55
1984,All,Non-trawl,2013,134.76
1985,All,Non-trawl,2013,269.68
1986,All,Non-trawl,2013,392.33
1987,All,Non-trawl,2013,559.75
1988,All,Non-trawl,2013,277.74
1989,All,Non-trawl,2013,200.28
1990,All,Non-trawl,2013,118.85
1991,All,Non-trawl,2013,99.7
1992,All,Non-trawl,2013,175.14
1993,All,Non-trawl,2013,311.15
1994,All,Non-trawl,2013,316.15
1995,All,Non-trawl,2013,400.44
1996,All,Non-trawl,2013,278.39
1997,All,Non-trawl,2013,169.09
1998,All,Non-trawl,2013,236.23
1999,All,Non-trawl,2013,122
2000,All,Non-trawl,2013,28.81
2001,All,Non-trawl,2013,16.28
2002,All,Non-trawl,2013,26.99
2003,All,Non-trawl,2013,21.9
2004,All,Non-trawl,2013,31.44
2005,All,Non-trawl,2013,49.02
2006,All,Non-trawl,2013,56.1
2007,All,Non-trawl,2013,54.44
2008,All,Non-trawl,2013,54.32
2009,All,Non-trawl,2013,101.7
2010,All,Non-trawl,2013,68.56
2011,All,Non-trawl,2013,59.58
2012,All,Non-trawl,2013,47.98
1892,All,Non-trawl,2025,19.2555
1893,All,Non-trawl,2025,19.2555
1894,All,Non-trawl,2025,19.2555
1895,All,Non-trawl,2025,4.9513
1896,All,Non-trawl,2025,1.1921
1897,All,Non-trawl,2025,1.2148
1898,All,Non-trawl,2025,0.6878
1899,All,Non-trawl,2025,1.1631
1900,All,Non-trawl,2025,1.6385
1901,All,Non-trawl,2025,2.1141
1902,All,Non-trawl,2025,2.5895
1903,All,Non-trawl,2025,3.0648
1904,All,Non-trawl,2025,3.5402
1905,All,Non-trawl,2025,4.0158
1906,All,Non-trawl,2025,4.4911
1907,All,Non-trawl,2025,4.9665
1908,All,Non-trawl,2025,5.4421
1909,All,Non-trawl,2025,5.9175
1910,All,Non-trawl,2025,6.3928
1911,All,Non-trawl,2025,6.8682
1912,All,Non-trawl,2025,7.3438
1913,All,Non-trawl,2025,7.8192
1914,All,Non-trawl,2025,8.2945
1915,All,Non-trawl,2025,8.7699
1916,All,Non-trawl,2025,41.94395044
1917,All,Non-trawl,2025,44.18378148
1918,All,Non-trawl,2025,46.3668345
1919,All,Non-trawl,2025,48.50981782
1920,All,Non-trawl,2025,50.7020217
1921,All,Non-trawl,2025,52.8864355
1922,All,Non-trawl,2025,55.07092831
1923,All,Non-trawl,2025,57.29102228
1924,All,Non-trawl,2025,59.5195345
1925,All,Non-trawl,2025,61.71753507
1926,All,Non-trawl,2025,63.94806166
1927,All,Non-trawl,2025,66.14517099
1928,All,Non-trawl,2025,85.54269858
1929,All,Non-trawl,2025,113.7603594
1930,All,Non-trawl,2025,101.3982273
1931,All,Non-trawl,2025,89.47596911
1932,All,Non-trawl,2025,56.52876784
1933,All,Non-trawl,2025,65.65695474
1934,All,Non-trawl,2025,69.75936984
1935,All,Non-trawl,2025,67.93665993
1936,All,Non-trawl,2025,104.4568219
1937,All,Non-trawl,2025,103.7925295
1938,All,Non-trawl,2025,88.43137745
1939,All,Non-trawl,2025,56.54259512
1940,All,Non-trawl,2025,105.9878813
1941,All,Non-trawl,2025,146.7526316
1942,All,Non-trawl,2025,208.8522586
1943,All,Non-trawl,2025,381.681494
1944,All,Non-trawl,2025,103.4930116
1945,All,Non-trawl,2025,68.40764814
1946,All,Non-trawl,2025,82.98125202
1947,All,Non-trawl,2025,70.13698678
1948,All,Non-trawl,2025,84.43951552
1949,All,Non-trawl,2025,76.98416581
1950,All,Non-trawl,2025,64.37501782
1951,All,Non-trawl,2025,83.42891279
1952,All,Non-trawl,2025,55.11485532
1953,All,Non-trawl,2025,25.94357572
1954,All,Non-trawl,2025,45.56411552
1955,All,Non-trawl,2025,48.52101667
1956,All,Non-trawl,2025,20.33333822
1957,All,Non-trawl,2025,37.09090288
1958,All,Non-trawl,2025,10.64183765
1959,All,Non-trawl,2025,23.58267572
1960,All,Non-trawl,2025,22.50840115
1961,All,Non-trawl,2025,19.81085474
1962,All,Non-trawl,2025,23.03304756
1963,All,Non-trawl,2025,14.49750173
1964,All,Non-trawl,2025,24.90304756
1965,All,Non-trawl,2025,11.13715474
1966,All,Non-trawl,2025,7.832886784
1967,All,Non-trawl,2025,12.14215144
1968,All,Non-trawl,2025,8.058444256
1969,All,Non-trawl,2025,27.9667
1970,All,Non-trawl,2025,3.81
1971,All,Non-trawl,2025,0.8505
1972,All,Non-trawl,2025,1.4352
1973,All,Non-trawl,2025,5.7017
1974,All,Non-trawl,2025,18.9885
1975,All,Non-trawl,2025,6.8338
1976,All,Non-trawl,2025,2.0432
1977,All,Non-trawl,2025,174.8808
1978,All,Non-trawl,2025,58.6548
1979,All,Non-trawl,2025,107.4328
1980,All,Non-trawl,2025,34.2833
1981,All,Non-trawl,2025,102.0909982
1982,All,Non-trawl,2025,110.6005
1983,All,Non-trawl,2025,124.9426
1984,All,Non-trawl,2025,135.8282
1985,All,Non-trawl,2025,271.5975911
1986,All,Non-trawl,2025,402.2007391
1987,All,Non-trawl,2025,591.9675686
1988,All,Non-trawl,2025,283.5046
1989,All,Non-trawl,2025,258.1321847
1990,All,Non-trawl,2025,170.1427376
1991,All,Non-trawl,2025,131.509905
1992,All,Non-trawl,2025,230.1527169
1993,All,Non-trawl,2025,313.8769
1994,All,Non-trawl,2025,335.9839136
1995,All,Non-trawl,2025,409.5102907
1996,All,Non-trawl,2025,292.5309765
1997,All,Non-trawl,2025,203.2177274
1998,All,Non-trawl,2025,247.0045072
1999,All,Non-trawl,2025,158.7262
2000,All,Non-trawl,2025,28.77620436
2001,All,Non-trawl,2025,17.63341643
2002,All,Non-trawl,2025,27.38668892
2003,All,Non-trawl,2025,22.78037826
2004,All,Non-trawl,2025,33.67585056
2005,All,Non-trawl,2025,49.76755557
2006,All,Non-trawl,2025,59.01212158
2007,All,Non-trawl,2025,58.77542708
2008,All,Non-trawl,2025,55.61205568
2009,All,Non-trawl,2025,103.8408187
2010,All,Non-trawl,2025,70.50332863
2011,All,Non-trawl,2025,62.86281305
2012,All,Non-trawl,2025,73.62961462
2013,All,Non-trawl,2025,59.12511583
2014,All,Non-trawl,2025,37.0542208
2015,All,Non-trawl,2025,46.55690229
2016,All,Non-trawl,2025,60.2683283
2017,All,Non-trawl,2025,59.0331132
2018,All,Non-trawl,2025,46.66779639
2019,All,Non-trawl,2025,38.74519646
2020,All,Non-trawl,2025,24.35186643
2021,All,Non-trawl,2025,21.06413432
2022,All,Non-trawl,2025,19.06363572
2023,All,Non-trawl,2025,18.66560616
2024,All,Non-trawl,2025,9.89969408
